{"cameraMode":{"drawMode":0,"name":"Shaded","section":"Shading Mode"},"sceneLighting":false,"audioPlay":false,"sceneViewState":{"showFog":false,"showMaterialUpdate":false,"showSkybox":false,"showFlares":false,"showImageEffects":false,"showParticleSystems":false},"in2DMode":false,"pivot":{"x":27.34976577758789,"y":8.710996627807618,"z":26.1419677734375},"rotation":{"x":-0.04048885405063629,"y":-0.0024063552264124157,"z":0.00009744771523401141,"w":-0.999177098274231},"size":973.7456665039063,"orthographic":false}