{"cameraMode":{"drawMode":0,"name":"Shaded","section":"Shading Mode"},"sceneLighting":false,"audioPlay":false,"sceneViewState":{"showFog":false,"showMaterialUpdate":false,"showSkybox":false,"showFlares":false,"showImageEffects":false,"showParticleSystems":false},"in2DMode":false,"pivot":{"x":11.057437896728516,"y":-2.521674633026123,"z":7.266617298126221},"rotation":{"x":0.17805680632591248,"y":0.7515894770622253,"z":-0.22536271810531617,"w":0.5938187837600708},"size":15.375873565673829,"orthographic":false}