{"cameraMode":{"drawMode":0,"name":"Shaded","section":"Shading Mode"},"sceneLighting":false,"audioPlay":false,"sceneViewState":{"showFog":false,"showMaterialUpdate":false,"showSkybox":false,"showFlares":false,"showImageEffects":false,"showParticleSystems":false},"in2DMode":false,"pivot":{"x":-0.07660092413425446,"y":10.771393775939942,"z":17.3826904296875},"rotation":{"x":0.03181213513016701,"y":0.006627668160945177,"z":-0.0002098657569149509,"w":0.99947190284729},"size":13.497122764587403,"orthographic":false}