{"cameraMode":{"drawMode":0,"name":"Shaded","section":"Shading Mode"},"sceneLighting":false,"audioPlay":false,"sceneViewState":{"showFog":false,"showMaterialUpdate":false,"showSkybox":false,"showFlares":false,"showImageEffects":false,"showParticleSystems":false},"in2DMode":false,"pivot":{"x":15.173267364501954,"y":5.935468673706055,"z":83.8246078491211},"rotation":{"x":-0.07915250211954117,"y":-0.6144885420799255,"z":0.06215887889266014,"w":-0.7824801206588745},"size":25.944732666015626,"orthographic":false}