{"cameraMode":{"drawMode":0,"name":"Shaded","section":"Shading Mode"},"sceneLighting":false,"audioPlay":false,"sceneViewState":{"showFog":false,"showMaterialUpdate":false,"showSkybox":false,"showFlares":false,"showImageEffects":false,"showParticleSystems":false},"in2DMode":false,"pivot":{"x":-1.1154882907867432,"y":-7.3144001960754398,"z":23.15001678466797},"rotation":{"x":-0.1612919569015503,"y":-0.0023768043611198665,"z":0.00038838275941088796,"w":-0.9869038462638855},"size":38.70805740356445,"orthographic":false}