{"cameraMode":{"drawMode":0,"name":"Shaded","section":"Shading Mode"},"sceneLighting":false,"audioPlay":false,"sceneViewState":{"showFog":false,"showMaterialUpdate":false,"showSkybox":false,"showFlares":false,"showImageEffects":false,"showParticleSystems":false},"in2DMode":false,"pivot":{"x":-4.436455726623535,"y":12.153026580810547,"z":32.137428283691409},"rotation":{"x":-0.024310264736413957,"y":0.019455499947071077,"z":-0.000473804771900177,"w":-0.9995150566101074},"size":64.10485076904297,"orthographic":false}